DID_CONVERGE,CLASS,SCORE,META_SCORE,ROUND_NUM,NUM_PLAYERS,NUM_TABLES,NUM_MAX_TABLES,NUM_MIN_TABLES,MAX_SEATS_PER_TABLE,MIN_SEATS_PER_TABLE
True,PERFECT,0.0,6,1,6,2,0,2,4,3
False,NONE,5.76,2,2,6,2,0,2,4,3
False,NONE,5.03063,4,3,6,2,0,2,4,3
True,FAIR,4.76963,6,4,6,2,0,2,4,3
True,FAIR,8.64,6,5,6,2,0,2,4,3
False,NONE,7.82285,2,6,6,2,0,2,4,3
False,NONE,7.25982,4,7,6,2,0,2,4,3
True,FAIR,6.84862,6,8,6,2,0,2,4,3
True,PERFECT,0.0,7,1,7,2,1,1,4,3
False,NONE,6.05975,1,2,7,2,1,1,4,3
False,NONE,7.15557,2,3,7,2,1,1,4,3
False,NONE,5.87136,3,4,7,2,1,1,4,3
False,NONE,7.99555,1,5,7,2,1,1,4,3
False,NONE,8.62438,2,6,7,2,1,1,4,3
False,NONE,8.3578,1,7,7,2,1,1,4,3
False,NONE,10.38283,2,8,7,2,1,1,4,3
True,PERFECT,0.0,8,1,8,2,2,0,4,3
True,FAIR,6.35951,8,2,8,2,2,0,4,3
True,FAIR,6.35951,8,3,8,2,2,0,4,3
True,FAIR,6.35951,8,4,8,2,2,0,4,3
False,NONE,8.49481,6,5,8,2,2,0,4,3
False,NONE,7.42716,7,6,8,2,2,0,4,3
False,NONE,7.42716,7,7,8,2,2,0,4,3
True,FAIR,9.1315,8,8,8,2,2,0,4,3
True,PERFECT,0.0,9,1,9,3,0,3,4,3
True,PERFECT,0.0,9,2,9,3,0,3,4,3
False,NONE,2.15063,5,3,9,3,0,3,4,3
False,NONE,4.46321,1,4,9,3,0,3,4,3
False,NONE,4.30863,3,5,9,3,0,3,4,3
False,NONE,4.81882,1,6,9,3,0,3,4,3
False,NONE,4.42932,2,7,9,3,0,3,4,3
False,NONE,4.65655,2,8,9,3,0,3,4,3
True,PERFECT,0.0,10,1,10,3,1,2,4,3
False,NONE,1.58988,8,2,10,3,1,2,4,3
False,NONE,4.05367,4,3,10,3,1,2,4,3
False,NONE,5.80533,3,4,10,3,1,2,4,3
False,NONE,6.17327,2,5,10,3,1,2,4,3
False,NONE,7.28951,1,6,10,3,1,2,4,3
False,NONE,5.6343,1,7,10,3,1,2,4,3
False,NONE,7.07375,2,8,10,3,1,2,4,3
True,PERFECT,0.0,11,1,11,3,2,1,4,3
False,NONE,3.17975,7,2,11,3,2,1,4,3
False,NONE,6.35493,2,3,11,3,2,1,4,3
False,NONE,6.65661,1,4,11,3,2,1,4,3
False,NONE,7.65954,1,5,11,3,2,1,4,3
False,NONE,6.8269,1,6,11,3,2,1,4,3
False,NONE,8.4927,1,7,11,3,2,1,4,3
False,NONE,7.1198,1,8,11,3,2,1,4,3
True,PERFECT,0.0,12,1,12,3,3,0,4,3
False,NONE,4.76963,6,2,12,3,3,0,4,3
False,NONE,4.15679,2,3,12,3,3,0,4,3
False,NONE,7.6967,2,4,12,3,3,0,4,3
False,NONE,6.70128,1,5,12,3,3,0,4,3
False,NONE,9.38383,1,6,12,3,3,0,4,3
False,NONE,7.72374,1,7,12,3,3,0,4,3
False,NONE,6.67181,3,8,12,3,3,0,4,3
True,PERFECT,0.0,13,1,13,4,1,3,4,3
True,PERFECT,0.0,13,2,13,4,1,3,4,3
False,NONE,1.07531,11,3,13,4,1,3,4,3
False,NONE,6.01347,2,4,13,4,1,3,4,3
False,NONE,4.96492,2,5,13,4,1,3,4,3
False,NONE,4.56173,3,6,13,4,1,3,4,3
False,NONE,5.6157,5,7,13,4,1,3,4,3
False,NONE,5.35019,1,8,13,4,1,3,4,3
True,PERFECT,0.0,14,1,14,4,2,2,4,3
True,PERFECT,0.0,14,2,14,4,2,2,4,3
False,NONE,1.52946,10,3,14,4,2,2,4,3
False,NONE,3.90839,7,4,14,4,2,2,4,3
False,NONE,5.86025,4,5,14,4,2,2,4,3
False,NONE,6.77746,1,6,14,4,2,2,4,3
False,NONE,6.13828,1,7,14,4,2,2,4,3
False,NONE,7.30381,1,8,14,4,2,2,4,3
True,PERFECT,0.0,15,1,15,4,3,1,4,3
True,PERFECT,0.0,15,2,15,4,3,1,4,3
False,NONE,2.00718,9,3,15,4,3,1,4,3
False,NONE,7.47157,2,4,15,4,3,1,4,3
False,NONE,5.25091,2,5,15,4,3,1,4,3
False,NONE,8.07826,1,6,15,4,3,1,4,3
False,NONE,8.31454,1,7,15,4,3,1,4,3
False,NONE,6.27977,6,8,15,4,3,1,4,3
True,PERFECT,0.0,16,1,16,4,4,0,4,3
True,PERFECT,0.0,16,2,16,4,4,0,4,3
True,PERFECT,0.0,16,3,16,4,4,0,4,3
False,NONE,7.69498,4,4,16,4,4,0,4,3
False,NONE,4.67948,1,5,16,4,4,0,4,3
False,NONE,7.67037,4,6,16,4,4,0,4,3
False,NONE,9.07639,1,7,16,4,4,0,4,3
False,NONE,8.46557,1,8,16,4,4,0,4,3
True,PERFECT,0.0,17,1,17,5,2,3,4,3
True,PERFECT,0.0,17,2,17,5,2,3,4,3
True,PERFECT,0.0,17,3,17,5,2,3,4,3
False,NONE,4.54679,9,4,17,5,2,3,4,3
False,NONE,7.81331,2,5,17,5,2,3,4,3
False,NONE,4.65083,2,6,17,5,2,3,4,3
False,NONE,7.88393,1,7,17,5,2,3,4,3
False,NONE,6.96699,4,8,17,5,2,3,4,3
True,PERFECT,0.0,18,1,18,5,3,2,4,3
True,PERFECT,0.0,18,2,18,5,3,2,4,3
False,NONE,1.44746,14,3,18,5,3,2,4,3
False,NONE,4.15229,10,4,18,5,3,2,4,3
False,NONE,7.30285,3,5,18,5,3,2,4,3
False,NONE,6.56831,1,6,18,5,3,2,4,3
False,NONE,7.49294,3,7,18,5,3,2,4,3
False,NONE,7.73391,1,8,18,5,3,2,4,3
True,PERFECT,0.0,19,1,19,5,4,1,4,3
True,PERFECT,0.0,19,2,19,5,4,1,4,3
False,NONE,0.64173,17,3,19,5,4,1,4,3
False,NONE,5.66476,9,4,19,5,4,1,4,3
False,NONE,7.36044,5,5,19,5,4,1,4,3
False,NONE,4.80054,1,6,19,5,4,1,4,3
False,NONE,7.56264,1,7,19,5,4,1,4,3
False,NONE,7.6574,2,8,19,5,4,1,4,3
True,PERFECT,0.0,20,1,20,5,5,0,4,3
True,PERFECT,0.0,20,2,20,5,5,0,4,3
False,NONE,0.64173,18,3,20,5,5,0,4,3
False,NONE,4.60441,10,4,20,5,5,0,4,3
False,NONE,8.33064,2,5,20,5,5,0,4,3
False,NONE,6.72797,1,6,20,5,5,0,4,3
False,NONE,8.71821,2,7,20,5,5,0,4,3
False,NONE,7.70655,1,8,20,5,5,0,4,3
True,PERFECT,0.0,21,1,21,6,3,3,4,3
True,PERFECT,0.0,21,2,21,6,3,3,4,3
True,PERFECT,0.0,21,3,21,6,3,3,4,3
False,NONE,5.55036,12,4,21,6,3,3,4,3
False,NONE,4.78758,13,5,21,6,3,3,4,3
False,NONE,5.14654,10,6,21,6,3,3,4,3
False,NONE,8.36191,1,7,21,6,3,3,4,3
False,NONE,9.26605,1,8,21,6,3,3,4,3
True,PERFECT,0.0,22,1,22,6,4,2,4,3
True,PERFECT,0.0,22,2,22,6,4,2,4,3
True,PERFECT,0.0,22,3,22,6,4,2,4,3
False,NONE,3.90218,15,4,22,6,4,2,4,3
False,NONE,7.16746,9,5,22,6,4,2,4,3
False,NONE,8.45712,4,6,22,6,4,2,4,3
False,NONE,7.7973,4,7,22,6,4,2,4,3
False,NONE,5.88224,7,8,22,6,4,2,4,3
True,PERFECT,0.0,23,1,23,6,5,1,4,3
True,PERFECT,0.0,23,2,23,6,5,1,4,3
True,PERFECT,0.0,23,3,23,6,5,1,4,3
False,NONE,2.7803,18,4,23,6,5,1,4,3
False,NONE,8.42247,6,5,23,6,5,1,4,3
False,NONE,8.46461,5,6,23,6,5,1,4,3
False,NONE,9.20424,1,7,23,6,5,1,4,3
False,NONE,7.69051,4,8,23,6,5,1,4,3
True,PERFECT,0.0,24,1,24,6,6,0,4,3
True,PERFECT,0.0,24,2,24,6,6,0,4,3
True,PERFECT,0.0,24,3,24,6,6,0,4,3
False,NONE,0.39549,22,4,24,6,6,0,4,3
False,NONE,5.9762,9,5,24,6,6,0,4,3
False,NONE,9.31955,3,6,24,6,6,0,4,3
False,NONE,9.25756,3,7,24,6,6,0,4,3
False,NONE,8.36753,2,8,24,6,6,0,4,3
True,PERFECT,0.0,25,1,25,7,4,3,4,3
True,PERFECT,0.0,25,2,25,7,4,3,4,3
True,PERFECT,0.0,25,3,25,7,4,3,4,3
False,NONE,4.96274,17,4,25,7,4,3,4,3
False,NONE,6.62931,12,5,25,7,4,3,4,3
False,NONE,5.35082,13,6,25,7,4,3,4,3
False,NONE,8.05949,5,7,25,7,4,3,4,3
False,NONE,7.32973,4,8,25,7,4,3,4,3
True,PERFECT,0.0,26,1,26,7,5,2,4,3
True,PERFECT,0.0,26,2,26,7,5,2,4,3
True,PERFECT,0.0,26,3,26,7,5,2,4,3
False,NONE,3.63679,18,4,26,7,5,2,4,3
False,NONE,7.79904,12,5,26,7,5,2,4,3
False,NONE,6.50157,11,6,26,7,5,2,4,3
False,NONE,7.28901,7,7,26,7,5,2,4,3
False,NONE,8.54198,5,8,26,7,5,2,4,3
True,PERFECT,0.0,27,1,27,7,6,1,4,3
True,PERFECT,0.0,27,2,27,7,6,1,4,3
True,PERFECT,0.0,27,3,27,7,6,1,4,3
False,NONE,2.38481,24,4,27,7,6,1,4,3
False,NONE,4.6923,11,5,27,7,6,1,4,3
False,NONE,9.23754,5,6,27,7,6,1,4,3
False,NONE,8.37976,5,7,27,7,6,1,4,3
False,NONE,10.10243,1,8,27,7,6,1,4,3
True,PERFECT,0.0,28,1,28,7,7,0,4,3
True,PERFECT,0.0,28,2,28,7,7,0,4,3
True,PERFECT,0.0,28,3,28,7,7,0,4,3
False,NONE,0.39549,26,4,28,7,7,0,4,3
False,NONE,3.6851,14,5,28,7,7,0,4,3
False,NONE,9.50881,4,6,28,7,7,0,4,3
False,NONE,8.8367,1,7,28,7,7,0,4,3
False,NONE,10.39261,2,8,28,7,7,0,4,3
True,PERFECT,0.0,29,1,29,8,5,3,4,3
True,PERFECT,0.0,29,2,29,8,5,3,4,3
True,PERFECT,0.0,29,3,29,8,5,3,4,3
False,NONE,0.79494,28,4,29,8,5,3,4,3
False,NONE,7.6764,12,5,29,8,5,3,4,3
False,NONE,5.0257,14,6,29,8,5,3,4,3
False,NONE,3.30349,15,7,29,8,5,3,4,3
False,NONE,6.27985,9,8,29,8,5,3,4,3
True,PERFECT,0.0,30,1,30,8,6,2,4,3
True,PERFECT,0.0,30,2,30,8,6,2,4,3
True,PERFECT,0.0,30,3,30,8,6,2,4,3
False,NONE,1.58988,28,4,30,8,6,2,4,3
False,NONE,4.52751,20,5,30,8,6,2,4,3
False,NONE,10.85367,8,6,30,8,6,2,4,3
False,NONE,8.31344,8,7,30,8,6,2,4,3
False,NONE,9.13363,8,8,30,8,6,2,4,3
True,PERFECT,0.0,31,1,31,8,7,1,4,3
True,PERFECT,0.0,31,2,31,8,7,1,4,3
True,PERFECT,0.0,31,3,31,8,7,1,4,3
False,NONE,1.19042,28,4,31,8,7,1,4,3
False,NONE,2.26147,27,5,31,8,7,1,4,3
False,NONE,6.0659,12,6,31,8,7,1,4,3
False,NONE,7.91233,7,7,31,8,7,1,4,3
False,NONE,10.40193,5,8,31,8,7,1,4,3
True,PERFECT,0.0,32,1,32,8,8,0,4,3
True,PERFECT,0.0,32,2,32,8,8,0,4,3
True,PERFECT,0.0,32,3,32,8,8,0,4,3
False,NONE,0.79097,28,4,32,8,8,0,4,3
False,NONE,0.89032,27,5,32,8,8,0,4,3
False,NONE,4.63444,17,6,32,8,8,0,4,3
False,NONE,9.54775,6,7,32,8,8,0,4,3
False,NONE,8.87222,2,8,32,8,8,0,4,3
True,PERFECT,0.0,33,1,33,9,6,3,4,3
True,PERFECT,0.0,33,2,33,9,6,3,4,3
True,PERFECT,0.0,33,3,33,9,6,3,4,3
False,NONE,1.21964,30,4,33,9,6,3,4,3
False,NONE,3.88009,26,5,33,9,6,3,4,3
False,NONE,6.69891,14,6,33,9,6,3,4,3
False,NONE,4.94793,19,7,33,9,6,3,4,3
False,NONE,9.58822,8,8,33,9,6,3,4,3
True,PERFECT,0.0,34,1,34,9,7,2,4,3
True,PERFECT,0.0,34,2,34,9,7,2,4,3
True,PERFECT,0.0,34,3,34,9,7,2,4,3
False,NONE,1.58988,32,4,34,9,7,2,4,3
False,NONE,0.79494,33,5,34,9,7,2,4,3
False,NONE,6.30539,19,6,34,9,7,2,4,3
False,NONE,6.50837,14,7,34,9,7,2,4,3
False,NONE,8.72107,12,8,34,9,7,2,4,3
True,PERFECT,0.0,35,1,35,9,8,1,4,3
True,PERFECT,0.0,35,2,35,9,8,1,4,3
True,PERFECT,0.0,35,3,35,9,8,1,4,3
True,PERFECT,0.0,35,4,35,9,8,1,4,3
False,NONE,1.8746,31,5,35,9,8,1,4,3
False,NONE,2.85516,26,6,35,9,8,1,4,3
False,NONE,7.16331,12,7,35,9,8,1,4,3
False,NONE,8.26928,13,8,35,9,8,1,4,3
True,PERFECT,0.0,36,1,36,9,9,0,4,3
True,PERFECT,0.0,36,2,36,9,9,0,4,3
True,PERFECT,0.0,36,3,36,9,9,0,4,3
True,PERFECT,0.0,36,4,36,9,9,0,4,3
False,NONE,2.13979,25,5,36,9,9,0,4,3
False,NONE,0.88854,28,6,36,9,9,0,4,3
False,NONE,9.51963,8,7,36,9,9,0,4,3
False,NONE,10.14519,7,8,36,9,9,0,4,3
True,PERFECT,0.0,37,1,37,10,7,3,4,3
True,PERFECT,0.0,37,2,37,10,7,3,4,3
True,PERFECT,0.0,37,3,37,10,7,3,4,3
True,PERFECT,0.0,37,4,37,10,7,3,4,3
False,NONE,4.15609,27,5,37,10,7,3,4,3
False,NONE,4.98364,23,6,37,10,7,3,4,3
False,NONE,9.44802,15,7,37,10,7,3,4,3
False,NONE,8.23762,14,8,37,10,7,3,4,3
True,PERFECT,0.0,38,1,38,10,8,2,4,3
True,PERFECT,0.0,38,2,38,10,8,2,4,3
True,PERFECT,0.0,38,3,38,10,8,2,4,3
False,NONE,0.79494,37,4,38,10,8,2,4,3
False,NONE,0.79494,37,5,38,10,8,2,4,3
False,NONE,2.86696,28,6,38,10,8,2,4,3
False,NONE,5.18466,24,7,38,10,8,2,4,3
False,NONE,6.31247,20,8,38,10,8,2,4,3
True,PERFECT,0.0,39,1,39,10,9,1,4,3
True,PERFECT,0.0,39,2,39,10,9,1,4,3
True,PERFECT,0.0,39,3,39,10,9,1,4,3
True,PERFECT,0.0,39,4,39,10,9,1,4,3
False,NONE,2.57828,32,5,39,10,9,1,4,3
False,NONE,5.31078,22,6,39,10,9,1,4,3
False,NONE,6.03707,16,7,39,10,9,1,4,3
False,NONE,5.36239,21,8,39,10,9,1,4,3
True,PERFECT,0.0,40,1,40,10,10,0,4,3
True,PERFECT,0.0,40,2,40,10,10,0,4,3
True,PERFECT,0.0,40,3,40,10,10,0,4,3
True,PERFECT,0.0,40,4,40,10,10,0,4,3
True,PERFECT,0.0,40,5,40,10,10,0,4,3
False,NONE,2.75324,29,6,40,10,10,0,4,3
False,NONE,6.9902,20,7,40,10,10,0,4,3
False,NONE,8.93164,13,8,40,10,10,0,4,3
True,PERFECT,0.0,41,1,41,11,8,3,4,3
True,PERFECT,0.0,41,2,41,11,8,3,4,3
True,PERFECT,0.0,41,3,41,11,8,3,4,3
True,PERFECT,0.0,41,4,41,11,8,3,4,3
True,PERFECT,0.0,41,5,41,11,8,3,4,3
False,NONE,6.79188,25,6,41,11,8,3,4,3
False,NONE,4.49764,30,7,41,11,8,3,4,3
False,NONE,9.17997,18,8,41,11,8,3,4,3
True,PERFECT,0.0,42,1,42,11,9,2,4,3
True,PERFECT,0.0,42,2,42,11,9,2,4,3
True,PERFECT,0.0,42,3,42,11,9,2,4,3
True,PERFECT,0.0,42,4,42,11,9,2,4,3
False,NONE,1.58988,40,5,42,11,9,2,4,3
False,NONE,6.1383,27,6,42,11,9,2,4,3
False,NONE,3.3902,31,7,42,11,9,2,4,3
False,NONE,8.86177,17,8,42,11,9,2,4,3
True,PERFECT,0.0,43,1,43,11,10,1,4,3
True,PERFECT,0.0,43,2,43,11,10,1,4,3
True,PERFECT,0.0,43,3,43,11,10,1,4,3
True,PERFECT,0.0,43,4,43,11,10,1,4,3
False,NONE,0.79494,42,5,43,11,10,1,4,3
False,NONE,2.04294,37,6,43,11,10,1,4,3
False,NONE,5.86185,25,7,43,11,10,1,4,3
False,NONE,12.11018,9,8,43,11,10,1,4,3
True,PERFECT,0.0,44,1,44,11,11,0,4,3
True,PERFECT,0.0,44,2,44,11,11,0,4,3
True,PERFECT,0.0,44,3,44,11,11,0,4,3
True,PERFECT,0.0,44,4,44,11,11,0,4,3
True,PERFECT,0.0,44,5,44,11,11,0,4,3
False,NONE,1.89136,33,6,44,11,11,0,4,3
False,NONE,4.20219,28,7,44,11,11,0,4,3
False,NONE,5.85981,22,8,44,11,11,0,4,3
True,PERFECT,0.0,45,1,45,12,9,3,4,3
True,PERFECT,0.0,45,2,45,12,9,3,4,3
True,PERFECT,0.0,45,3,45,12,9,3,4,3
False,NONE,0.79494,44,4,45,12,9,3,4,3
False,NONE,4.82981,33,5,45,12,9,3,4,3
False,NONE,0.79494,44,6,45,12,9,3,4,3
False,NONE,5.48782,30,7,45,12,9,3,4,3
False,NONE,5.38855,30,8,45,12,9,3,4,3
True,PERFECT,0.0,46,1,46,12,10,2,4,3
True,PERFECT,0.0,46,2,46,12,10,2,4,3
True,PERFECT,0.0,46,3,46,12,10,2,4,3
True,PERFECT,0.0,46,4,46,12,10,2,4,3
True,PERFECT,0.0,46,5,46,12,10,2,4,3
False,NONE,2.33685,39,6,46,12,10,2,4,3
False,NONE,3.8275,32,7,46,12,10,2,4,3
False,NONE,5.36625,28,8,46,12,10,2,4,3
True,PERFECT,0.0,47,1,47,12,11,1,4,3
True,PERFECT,0.0,47,2,47,12,11,1,4,3
True,PERFECT,0.0,47,3,47,12,11,1,4,3
False,NONE,0.79494,46,4,47,12,11,1,4,3
False,NONE,0.28473,45,5,47,12,11,1,4,3
True,PERFECT,0.0,47,6,47,12,11,1,4,3
False,NONE,1.95971,41,7,47,12,11,1,4,3
False,NONE,8.74214,21,8,47,12,11,1,4,3
True,PERFECT,0.0,48,1,48,12,12,0,4,3
True,PERFECT,0.0,48,2,48,12,12,0,4,3
True,PERFECT,0.0,48,3,48,12,12,0,4,3
True,PERFECT,0.0,48,4,48,12,12,0,4,3
True,PERFECT,0.0,48,5,48,12,12,0,4,3
False,NONE,1.13353,39,6,48,12,12,0,4,3
False,NONE,5.1012,33,7,48,12,12,0,4,3
False,NONE,7.31696,18,8,48,12,12,0,4,3
True,PERFECT,0.0,49,1,49,13,10,3,4,3
True,PERFECT,0.0,49,2,49,13,10,3,4,3
True,PERFECT,0.0,49,3,49,13,10,3,4,3
True,PERFECT,0.0,49,4,49,13,10,3,4,3
False,NONE,1.07966,46,5,49,13,10,3,4,3
False,NONE,0.79494,48,6,49,13,10,3,4,3
False,NONE,11.23751,21,7,49,13,10,3,4,3
False,NONE,4.7565,39,8,49,13,10,3,4,3
True,PERFECT,0.0,50,1,50,13,11,2,4,3
True,PERFECT,0.0,50,2,50,13,11,2,4,3
True,PERFECT,0.0,50,3,50,13,11,2,4,3
True,PERFECT,0.0,50,4,50,13,11,2,4,3
False,NONE,0.79494,49,5,50,13,11,2,4,3
False,NONE,1.01707,47,6,50,13,11,2,4,3
False,NONE,2.00355,45,7,50,13,11,2,4,3
False,NONE,7.37565,27,8,50,13,11,2,4,3
True,PERFECT,0.0,51,1,51,13,12,1,4,3
True,PERFECT,0.0,51,2,51,13,12,1,4,3
True,PERFECT,0.0,51,3,51,13,12,1,4,3
True,PERFECT,0.0,51,4,51,13,12,1,4,3
False,NONE,0.79494,50,5,51,13,12,1,4,3
False,NONE,0.90613,43,6,51,13,12,1,4,3
False,NONE,8.33137,28,7,51,13,12,1,4,3
False,NONE,7.65733,27,8,51,13,12,1,4,3
True,PERFECT,0.0,52,1,52,13,13,0,4,3
True,PERFECT,0.0,52,2,52,13,13,0,4,3
True,PERFECT,0.0,52,3,52,13,13,0,4,3
True,PERFECT,0.0,52,4,52,13,13,0,4,3
True,PERFECT,0.0,52,5,52,13,13,0,4,3
False,NONE,3.26607,40,6,52,13,13,0,4,3
False,NONE,2.61968,43,7,52,13,13,0,4,3
False,NONE,6.91448,31,8,52,13,13,0,4,3
True,PERFECT,0.0,53,1,53,14,11,3,4,3
True,PERFECT,0.0,53,2,53,14,11,3,4,3
True,PERFECT,0.0,53,3,53,14,11,3,4,3
True,PERFECT,0.0,53,4,53,14,11,3,4,3
True,PERFECT,0.0,53,5,53,14,11,3,4,3
False,NONE,0.79494,52,6,53,14,11,3,4,3
False,NONE,4.8285,41,7,53,14,11,3,4,3
False,NONE,6.43383,36,8,53,14,11,3,4,3
True,PERFECT,0.0,54,1,54,14,12,2,4,3
True,PERFECT,0.0,54,2,54,14,12,2,4,3
True,PERFECT,0.0,54,3,54,14,12,2,4,3
True,PERFECT,0.0,54,4,54,14,12,2,4,3
False,NONE,0.79494,53,5,54,14,12,2,4,3
False,NONE,4.23476,42,6,54,14,12,2,4,3
False,NONE,2.49088,46,7,54,14,12,2,4,3
False,NONE,7.82837,35,8,54,14,12,2,4,3
True,PERFECT,0.0,55,1,55,14,13,1,4,3
True,PERFECT,0.0,55,2,55,14,13,1,4,3
True,PERFECT,0.0,55,3,55,14,13,1,4,3
True,PERFECT,0.0,55,4,55,14,13,1,4,3
True,PERFECT,0.0,55,5,55,14,13,1,4,3
True,PERFECT,0.0,55,6,55,14,13,1,4,3
False,NONE,3.16253,40,7,55,14,13,1,4,3
False,NONE,9.3645,30,8,55,14,13,1,4,3
True,PERFECT,0.0,56,1,56,14,14,0,4,3
True,PERFECT,0.0,56,2,56,14,14,0,4,3
True,PERFECT,0.0,56,3,56,14,14,0,4,3
True,PERFECT,0.0,56,4,56,14,14,0,4,3
True,PERFECT,0.0,56,5,56,14,14,0,4,3
False,NONE,2.99823,44,6,56,14,14,0,4,3
False,NONE,1.53867,48,7,56,14,14,0,4,3
False,NONE,11.07892,25,8,56,14,14,0,4,3
True,PERFECT,0.0,57,1,57,15,12,3,4,3
True,PERFECT,0.0,57,2,57,15,12,3,4,3
True,PERFECT,0.0,57,3,57,15,12,3,4,3
True,PERFECT,0.0,57,4,57,15,12,3,4,3
True,PERFECT,0.0,57,5,57,15,12,3,4,3
False,NONE,2.69132,53,6,57,15,12,3,4,3
False,NONE,0.79494,56,7,57,15,12,3,4,3
False,NONE,6.33259,36,8,57,15,12,3,4,3
True,PERFECT,0.0,58,1,58,15,13,2,4,3
True,PERFECT,0.0,58,2,58,15,13,2,4,3
True,PERFECT,0.0,58,3,58,15,13,2,4,3
False,NONE,0.79494,57,4,58,15,13,2,4,3
False,NONE,3.30454,50,5,58,15,13,2,4,3
False,NONE,0.79494,57,6,58,15,13,2,4,3
False,NONE,3.20984,49,7,58,15,13,2,4,3
False,NONE,6.13526,39,8,58,15,13,2,4,3
True,PERFECT,0.0,59,1,59,15,14,1,4,3
True,PERFECT,0.0,59,2,59,15,14,1,4,3
True,PERFECT,0.0,59,3,59,15,14,1,4,3
True,PERFECT,0.0,59,4,59,15,14,1,4,3
True,PERFECT,0.0,59,5,59,15,14,1,4,3
False,NONE,3.31791,47,6,59,15,14,1,4,3
False,NONE,1.52876,50,7,59,15,14,1,4,3
False,NONE,1.26138,52,8,59,15,14,1,4,3
True,PERFECT,0.0,60,1,60,15,15,0,4,3
True,PERFECT,0.0,60,2,60,15,15,0,4,3
True,PERFECT,0.0,60,3,60,15,15,0,4,3
True,PERFECT,0.0,60,4,60,15,15,0,4,3
True,PERFECT,0.0,60,5,60,15,15,0,4,3
True,PERFECT,0.0,60,6,60,15,15,0,4,3
True,PERFECT,0.0,60,7,60,15,15,0,4,3
False,NONE,1.1132,49,8,60,15,15,0,4,3
True,PERFECT,0.0,61,1,61,16,13,3,4,3
True,PERFECT,0.0,61,2,61,16,13,3,4,3
True,PERFECT,0.0,61,3,61,16,13,3,4,3
True,PERFECT,0.0,61,4,61,16,13,3,4,3
True,PERFECT,0.0,61,5,61,16,13,3,4,3
False,NONE,2.85194,55,6,61,16,13,3,4,3
False,NONE,2.84577,51,7,61,16,13,3,4,3
False,NONE,5.8314,47,8,61,16,13,3,4,3
True,PERFECT,0.0,62,1,62,16,14,2,4,3
True,PERFECT,0.0,62,2,62,16,14,2,4,3
True,PERFECT,0.0,62,3,62,16,14,2,4,3
True,PERFECT,0.0,62,4,62,16,14,2,4,3
True,PERFECT,0.0,62,5,62,16,14,2,4,3
False,NONE,2.32806,55,6,62,16,14,2,4,3
False,NONE,0.79494,61,7,62,16,14,2,4,3
False,NONE,9.41213,33,8,62,16,14,2,4,3
True,PERFECT,0.0,63,1,63,16,15,1,4,3
True,PERFECT,0.0,63,2,63,16,15,1,4,3
True,PERFECT,0.0,63,3,63,16,15,1,4,3
True,PERFECT,0.0,63,4,63,16,15,1,4,3
True,PERFECT,0.0,63,5,63,16,15,1,4,3
False,NONE,6.14638,44,6,63,16,15,1,4,3
True,PERFECT,0.0,63,7,63,16,15,1,4,3
False,NONE,2.66837,53,8,63,16,15,1,4,3
True,PERFECT,0.0,64,1,64,16,16,0,4,3
True,PERFECT,0.0,64,2,64,16,16,0,4,3
True,PERFECT,0.0,64,3,64,16,16,0,4,3
True,PERFECT,0.0,64,4,64,16,16,0,4,3
True,PERFECT,0.0,64,5,64,16,16,0,4,3
True,PERFECT,0.0,64,6,64,16,16,0,4,3
False,NONE,2.99877,53,7,64,16,16,0,4,3
False,NONE,3.38145,53,8,64,16,16,0,4,3
True,PERFECT,0.0,65,1,65,17,14,3,4,3
True,PERFECT,0.0,65,2,65,17,14,3,4,3
True,PERFECT,0.0,65,3,65,17,14,3,4,3
True,PERFECT,0.0,65,4,65,17,14,3,4,3
True,PERFECT,0.0,65,5,65,17,14,3,4,3
True,PERFECT,0.0,65,6,65,17,14,3,4,3
False,NONE,1.77187,61,7,65,17,14,3,4,3
False,NONE,6.01959,47,8,65,17,14,3,4,3
True,PERFECT,0.0,66,1,66,17,15,2,4,3
True,PERFECT,0.0,66,2,66,17,15,2,4,3
True,PERFECT,0.0,66,3,66,17,15,2,4,3
True,PERFECT,0.0,66,4,66,17,15,2,4,3
True,PERFECT,0.0,66,5,66,17,15,2,4,3
True,PERFECT,0.0,66,6,66,17,15,2,4,3
True,PERFECT,0.0,66,7,66,17,15,2,4,3
False,NONE,0.79494,65,8,66,17,15,2,4,3
True,PERFECT,0.0,67,1,67,17,16,1,4,3
True,PERFECT,0.0,67,2,67,17,16,1,4,3
True,PERFECT,0.0,67,3,67,17,16,1,4,3
True,PERFECT,0.0,67,4,67,17,16,1,4,3
True,PERFECT,0.0,67,5,67,17,16,1,4,3
True,PERFECT,0.0,67,6,67,17,16,1,4,3
True,PERFECT,0.0,67,7,67,17,16,1,4,3
False,NONE,3.20992,55,8,67,17,16,1,4,3
True,PERFECT,0.0,68,1,68,17,17,0,4,3
True,PERFECT,0.0,68,2,68,17,17,0,4,3
True,PERFECT,0.0,68,3,68,17,17,0,4,3
True,PERFECT,0.0,68,4,68,17,17,0,4,3
True,PERFECT,0.0,68,5,68,17,17,0,4,3
True,PERFECT,0.0,68,6,68,17,17,0,4,3
False,NONE,4.15835,51,7,68,17,17,0,4,3
False,NONE,1.26874,62,8,68,17,17,0,4,3
True,PERFECT,0.0,69,1,69,18,15,3,4,3
True,PERFECT,0.0,69,2,69,18,15,3,4,3
True,PERFECT,0.0,69,3,69,18,15,3,4,3
True,PERFECT,0.0,69,4,69,18,15,3,4,3
True,PERFECT,0.0,69,5,69,18,15,3,4,3
True,PERFECT,0.0,69,6,69,18,15,3,4,3
False,NONE,2.48771,62,7,69,18,15,3,4,3
True,PERFECT,0.0,69,8,69,18,15,3,4,3
True,PERFECT,0.0,70,1,70,18,16,2,4,3
True,PERFECT,0.0,70,2,70,18,16,2,4,3
True,PERFECT,0.0,70,3,70,18,16,2,4,3
True,PERFECT,0.0,70,4,70,18,16,2,4,3
False,NONE,0.79494,69,5,70,18,16,2,4,3
True,PERFECT,0.0,70,6,70,18,16,2,4,3
False,NONE,2.79428,58,7,70,18,16,2,4,3
False,NONE,6.00858,54,8,70,18,16,2,4,3
True,PERFECT,0.0,71,1,71,18,17,1,4,3
True,PERFECT,0.0,71,2,71,18,17,1,4,3
True,PERFECT,0.0,71,3,71,18,17,1,4,3
True,PERFECT,0.0,71,4,71,18,17,1,4,3
True,PERFECT,0.0,71,5,71,18,17,1,4,3
True,PERFECT,0.0,71,6,71,18,17,1,4,3
True,PERFECT,0.0,71,7,71,18,17,1,4,3
True,PERFECT,0.0,71,8,71,18,17,1,4,3
True,PERFECT,0.0,72,1,72,18,18,0,4,3
True,PERFECT,0.0,72,2,72,18,18,0,4,3
True,PERFECT,0.0,72,3,72,18,18,0,4,3
True,PERFECT,0.0,72,4,72,18,18,0,4,3
False,NONE,0.85418,66,5,72,18,18,0,4,3
True,PERFECT,0.0,72,6,72,18,18,0,4,3
True,PERFECT,0.0,72,7,72,18,18,0,4,3
False,NONE,1.34861,64,8,72,18,18,0,4,3
True,PERFECT,0.0,73,1,73,19,16,3,4,3
True,PERFECT,0.0,73,2,73,19,16,3,4,3
True,PERFECT,0.0,73,3,73,19,16,3,4,3
True,PERFECT,0.0,73,4,73,19,16,3,4,3
True,PERFECT,0.0,73,5,73,19,16,3,4,3
False,NONE,4.19714,62,6,73,19,16,3,4,3
False,NONE,2.25064,62,7,73,19,16,3,4,3
False,NONE,4.16372,59,8,73,19,16,3,4,3
True,PERFECT,0.0,74,1,74,19,17,2,4,3
True,PERFECT,0.0,74,2,74,19,17,2,4,3
True,PERFECT,0.0,74,3,74,19,17,2,4,3
True,PERFECT,0.0,74,4,74,19,17,2,4,3
True,PERFECT,0.0,74,5,74,19,17,2,4,3
True,PERFECT,0.0,74,6,74,19,17,2,4,3
True,PERFECT,0.0,74,7,74,19,17,2,4,3
False,NONE,6.68041,55,8,74,19,17,2,4,3
True,PERFECT,0.0,75,1,75,19,18,1,4,3
True,PERFECT,0.0,75,2,75,19,18,1,4,3
True,PERFECT,0.0,75,3,75,19,18,1,4,3
True,PERFECT,0.0,75,4,75,19,18,1,4,3
True,PERFECT,0.0,75,5,75,19,18,1,4,3
True,PERFECT,0.0,75,6,75,19,18,1,4,3
True,PERFECT,0.0,75,7,75,19,18,1,4,3
False,NONE,3.93988,60,8,75,19,18,1,4,3
True,PERFECT,0.0,76,1,76,19,19,0,4,3
True,PERFECT,0.0,76,2,76,19,19,0,4,3
True,PERFECT,0.0,76,3,76,19,19,0,4,3
True,PERFECT,0.0,76,4,76,19,19,0,4,3
True,PERFECT,0.0,76,5,76,19,19,0,4,3
False,NONE,1.64637,66,6,76,19,19,0,4,3
False,NONE,0.74373,69,7,76,19,19,0,4,3
False,NONE,3.58809,62,8,76,19,19,0,4,3
True,PERFECT,0.0,77,1,77,20,17,3,4,3
True,PERFECT,0.0,77,2,77,20,17,3,4,3
True,PERFECT,0.0,77,3,77,20,17,3,4,3
True,PERFECT,0.0,77,4,77,20,17,3,4,3
True,PERFECT,0.0,77,5,77,20,17,3,4,3
True,PERFECT,0.0,77,6,77,20,17,3,4,3
True,PERFECT,0.0,77,7,77,20,17,3,4,3
False,NONE,2.53891,72,8,77,20,17,3,4,3
True,PERFECT,0.0,78,1,78,20,18,2,4,3
True,PERFECT,0.0,78,2,78,20,18,2,4,3
True,PERFECT,0.0,78,3,78,20,18,2,4,3
True,PERFECT,0.0,78,4,78,20,18,2,4,3
True,PERFECT,0.0,78,5,78,20,18,2,4,3
False,NONE,2.65964,74,6,78,20,18,2,4,3
True,PERFECT,0.0,78,7,78,20,18,2,4,3
True,PERFECT,0.0,78,8,78,20,18,2,4,3
True,PERFECT,0.0,79,1,79,20,19,1,4,3
True,PERFECT,0.0,79,2,79,20,19,1,4,3
True,PERFECT,0.0,79,3,79,20,19,1,4,3
True,PERFECT,0.0,79,4,79,20,19,1,4,3
True,PERFECT,0.0,79,5,79,20,19,1,4,3
True,PERFECT,0.0,79,6,79,20,19,1,4,3
False,NONE,3.41542,69,7,79,20,19,1,4,3
False,NONE,2.25946,71,8,79,20,19,1,4,3
True,PERFECT,0.0,80,1,80,20,20,0,4,3
True,PERFECT,0.0,80,2,80,20,20,0,4,3
True,PERFECT,0.0,80,3,80,20,20,0,4,3
True,PERFECT,0.0,80,4,80,20,20,0,4,3
True,PERFECT,0.0,80,5,80,20,20,0,4,3
True,PERFECT,0.0,80,6,80,20,20,0,4,3
True,PERFECT,0.0,80,7,80,20,20,0,4,3
True,PERFECT,0.0,80,8,80,20,20,0,4,3
True,PERFECT,0.0,81,1,81,21,18,3,4,3
True,PERFECT,0.0,81,2,81,21,18,3,4,3
True,PERFECT,0.0,81,3,81,21,18,3,4,3
True,PERFECT,0.0,81,4,81,21,18,3,4,3
True,PERFECT,0.0,81,5,81,21,18,3,4,3
True,PERFECT,0.0,81,6,81,21,18,3,4,3
False,NONE,3.16832,71,7,81,21,18,3,4,3
False,NONE,0.79494,80,8,81,21,18,3,4,3
True,PERFECT,0.0,82,1,82,21,19,2,4,3
True,PERFECT,0.0,82,2,82,21,19,2,4,3
True,PERFECT,0.0,82,3,82,21,19,2,4,3
True,PERFECT,0.0,82,4,82,21,19,2,4,3
True,PERFECT,0.0,82,5,82,21,19,2,4,3
True,PERFECT,0.0,82,6,82,21,19,2,4,3
False,NONE,3.3719,71,7,82,21,19,2,4,3
False,NONE,3.28867,72,8,82,21,19,2,4,3
True,PERFECT,0.0,83,1,83,21,20,1,4,3
True,PERFECT,0.0,83,2,83,21,20,1,4,3
True,PERFECT,0.0,83,3,83,21,20,1,4,3
True,PERFECT,0.0,83,4,83,21,20,1,4,3
True,PERFECT,0.0,83,5,83,21,20,1,4,3
True,PERFECT,0.0,83,6,83,21,20,1,4,3
False,NONE,0.79494,82,7,83,21,20,1,4,3
False,NONE,9.10782,56,8,83,21,20,1,4,3
True,PERFECT,0.0,84,1,84,21,21,0,4,3
True,PERFECT,0.0,84,2,84,21,21,0,4,3
True,PERFECT,0.0,84,3,84,21,21,0,4,3
True,PERFECT,0.0,84,4,84,21,21,0,4,3
True,PERFECT,0.0,84,5,84,21,21,0,4,3
False,NONE,1.15639,76,6,84,21,21,0,4,3
True,PERFECT,0.0,84,7,84,21,21,0,4,3
True,PERFECT,0.0,84,8,84,21,21,0,4,3
True,PERFECT,0.0,85,1,85,22,19,3,4,3
True,PERFECT,0.0,85,2,85,22,19,3,4,3
True,PERFECT,0.0,85,3,85,22,19,3,4,3
True,PERFECT,0.0,85,4,85,22,19,3,4,3
True,PERFECT,0.0,85,5,85,22,19,3,4,3
True,PERFECT,0.0,85,6,85,22,19,3,4,3
True,PERFECT,0.0,85,7,85,22,19,3,4,3
False,NONE,1.32455,80,8,85,22,19,3,4,3
True,PERFECT,0.0,86,1,86,22,20,2,4,3
True,PERFECT,0.0,86,2,86,22,20,2,4,3
True,PERFECT,0.0,86,3,86,22,20,2,4,3
True,PERFECT,0.0,86,4,86,22,20,2,4,3
True,PERFECT,0.0,86,5,86,22,20,2,4,3
False,NONE,1.01707,83,6,86,22,20,2,4,3
True,PERFECT,0.0,86,7,86,22,20,2,4,3
False,NONE,2.69301,79,8,86,22,20,2,4,3
True,PERFECT,0.0,87,1,87,22,21,1,4,3
True,PERFECT,0.0,87,2,87,22,21,1,4,3
True,PERFECT,0.0,87,3,87,22,21,1,4,3
True,PERFECT,0.0,87,4,87,22,21,1,4,3
True,PERFECT,0.0,87,5,87,22,21,1,4,3
True,PERFECT,0.0,87,6,87,22,21,1,4,3
True,PERFECT,0.0,87,7,87,22,21,1,4,3
False,NONE,3.35757,75,8,87,22,21,1,4,3
True,PERFECT,0.0,88,1,88,22,22,0,4,3
True,PERFECT,0.0,88,2,88,22,22,0,4,3
True,PERFECT,0.0,88,3,88,22,22,0,4,3
True,PERFECT,0.0,88,4,88,22,22,0,4,3
True,PERFECT,0.0,88,5,88,22,22,0,4,3
True,PERFECT,0.0,88,6,88,22,22,0,4,3
True,PERFECT,0.0,88,7,88,22,22,0,4,3
True,PERFECT,0.0,88,8,88,22,22,0,4,3
True,PERFECT,0.0,89,1,89,23,20,3,4,3
True,PERFECT,0.0,89,2,89,23,20,3,4,3
True,PERFECT,0.0,89,3,89,23,20,3,4,3
True,PERFECT,0.0,89,4,89,23,20,3,4,3
True,PERFECT,0.0,89,5,89,23,20,3,4,3
True,PERFECT,0.0,89,6,89,23,20,3,4,3
True,PERFECT,0.0,89,7,89,23,20,3,4,3
True,PERFECT,0.0,89,8,89,23,20,3,4,3
True,PERFECT,0.0,90,1,90,23,21,2,4,3
True,PERFECT,0.0,90,2,90,23,21,2,4,3
True,PERFECT,0.0,90,3,90,23,21,2,4,3
True,PERFECT,0.0,90,4,90,23,21,2,4,3
True,PERFECT,0.0,90,5,90,23,21,2,4,3
True,PERFECT,0.0,90,6,90,23,21,2,4,3
True,PERFECT,0.0,90,7,90,23,21,2,4,3
True,PERFECT,0.0,90,8,90,23,21,2,4,3
True,PERFECT,0.0,91,1,91,23,22,1,4,3
True,PERFECT,0.0,91,2,91,23,22,1,4,3
True,PERFECT,0.0,91,3,91,23,22,1,4,3
True,PERFECT,0.0,91,4,91,23,22,1,4,3
True,PERFECT,0.0,91,5,91,23,22,1,4,3
True,PERFECT,0.0,91,6,91,23,22,1,4,3
True,PERFECT,0.0,91,7,91,23,22,1,4,3
False,NONE,3.36449,78,8,91,23,22,1,4,3
True,PERFECT,0.0,92,1,92,23,23,0,4,3
True,PERFECT,0.0,92,2,92,23,23,0,4,3
True,PERFECT,0.0,92,3,92,23,23,0,4,3
True,PERFECT,0.0,92,4,92,23,23,0,4,3
True,PERFECT,0.0,92,5,92,23,23,0,4,3
True,PERFECT,0.0,92,6,92,23,23,0,4,3
True,PERFECT,0.0,92,7,92,23,23,0,4,3
True,PERFECT,0.0,92,8,92,23,23,0,4,3
True,PERFECT,0.0,93,1,93,24,21,3,4,3
True,PERFECT,0.0,93,2,93,24,21,3,4,3
True,PERFECT,0.0,93,3,93,24,21,3,4,3
True,PERFECT,0.0,93,4,93,24,21,3,4,3
True,PERFECT,0.0,93,5,93,24,21,3,4,3
True,PERFECT,0.0,93,6,93,24,21,3,4,3
False,NONE,4.21843,81,7,93,24,21,3,4,3
False,NONE,1.3287,88,8,93,24,21,3,4,3
True,PERFECT,0.0,94,1,94,24,22,2,4,3
True,PERFECT,0.0,94,2,94,24,22,2,4,3
True,PERFECT,0.0,94,3,94,24,22,2,4,3
True,PERFECT,0.0,94,4,94,24,22,2,4,3
True,PERFECT,0.0,94,5,94,24,22,2,4,3
True,PERFECT,0.0,94,6,94,24,22,2,4,3
True,PERFECT,0.0,94,7,94,24,22,2,4,3
True,PERFECT,0.0,94,8,94,24,22,2,4,3
True,PERFECT,0.0,95,1,95,24,23,1,4,3
True,PERFECT,0.0,95,2,95,24,23,1,4,3
True,PERFECT,0.0,95,3,95,24,23,1,4,3
True,PERFECT,0.0,95,4,95,24,23,1,4,3
True,PERFECT,0.0,95,5,95,24,23,1,4,3
False,NONE,0.79494,94,6,95,24,23,1,4,3
False,NONE,4.87501,80,7,95,24,23,1,4,3
False,NONE,1.30307,89,8,95,24,23,1,4,3
True,PERFECT,0.0,96,1,96,24,24,0,4,3
True,PERFECT,0.0,96,2,96,24,24,0,4,3
True,PERFECT,0.0,96,3,96,24,24,0,4,3
True,PERFECT,0.0,96,4,96,24,24,0,4,3
True,PERFECT,0.0,96,5,96,24,24,0,4,3
True,PERFECT,0.0,96,6,96,24,24,0,4,3
True,PERFECT,0.0,96,7,96,24,24,0,4,3
True,PERFECT,0.0,96,8,96,24,24,0,4,3
True,PERFECT,0.0,97,1,97,25,22,3,4,3
True,PERFECT,0.0,97,2,97,25,22,3,4,3
True,PERFECT,0.0,97,3,97,25,22,3,4,3
True,PERFECT,0.0,97,4,97,25,22,3,4,3
True,PERFECT,0.0,97,5,97,25,22,3,4,3
True,PERFECT,0.0,97,6,97,25,22,3,4,3
True,PERFECT,0.0,97,7,97,25,22,3,4,3
True,PERFECT,0.0,97,8,97,25,22,3,4,3
True,PERFECT,0.0,98,1,98,25,23,2,4,3
True,PERFECT,0.0,98,2,98,25,23,2,4,3
True,PERFECT,0.0,98,3,98,25,23,2,4,3
True,PERFECT,0.0,98,4,98,25,23,2,4,3
True,PERFECT,0.0,98,5,98,25,23,2,4,3
False,NONE,0.79494,97,6,98,25,23,2,4,3
True,PERFECT,0.0,98,7,98,25,23,2,4,3
True,PERFECT,0.0,98,8,98,25,23,2,4,3
True,PERFECT,0.0,99,1,99,25,24,1,4,3
True,PERFECT,0.0,99,2,99,25,24,1,4,3
True,PERFECT,0.0,99,3,99,25,24,1,4,3
True,PERFECT,0.0,99,4,99,25,24,1,4,3
True,PERFECT,0.0,99,5,99,25,24,1,4,3
True,PERFECT,0.0,99,6,99,25,24,1,4,3
False,NONE,3.73085,84,7,99,25,24,1,4,3
True,PERFECT,0.0,99,8,99,25,24,1,4,3
True,PERFECT,0.0,100,1,100,25,25,0,4,3
True,PERFECT,0.0,100,2,100,25,25,0,4,3
True,PERFECT,0.0,100,3,100,25,25,0,4,3
True,PERFECT,0.0,100,4,100,25,25,0,4,3
True,PERFECT,0.0,100,5,100,25,25,0,4,3
True,PERFECT,0.0,100,6,100,25,25,0,4,3
True,PERFECT,0.0,100,7,100,25,25,0,4,3
False,NONE,4.16489,87,8,100,25,25,0,4,3
True,PERFECT,0.0,101,1,101,26,23,3,4,3
True,PERFECT,0.0,101,2,101,26,23,3,4,3
True,PERFECT,0.0,101,3,101,26,23,3,4,3
True,PERFECT,0.0,101,4,101,26,23,3,4,3
True,PERFECT,0.0,101,5,101,26,23,3,4,3
True,PERFECT,0.0,101,6,101,26,23,3,4,3
True,PERFECT,0.0,101,7,101,26,23,3,4,3
True,PERFECT,0.0,101,8,101,26,23,3,4,3
True,PERFECT,0.0,102,1,102,26,24,2,4,3
True,PERFECT,0.0,102,2,102,26,24,2,4,3
True,PERFECT,0.0,102,3,102,26,24,2,4,3
True,PERFECT,0.0,102,4,102,26,24,2,4,3
True,PERFECT,0.0,102,5,102,26,24,2,4,3
True,PERFECT,0.0,102,6,102,26,24,2,4,3
True,PERFECT,0.0,102,7,102,26,24,2,4,3
True,PERFECT,0.0,102,8,102,26,24,2,4,3
True,PERFECT,0.0,103,1,103,26,25,1,4,3
True,PERFECT,0.0,103,2,103,26,25,1,4,3
True,PERFECT,0.0,103,3,103,26,25,1,4,3
True,PERFECT,0.0,103,4,103,26,25,1,4,3
True,PERFECT,0.0,103,5,103,26,25,1,4,3
True,PERFECT,0.0,103,6,103,26,25,1,4,3
True,PERFECT,0.0,103,7,103,26,25,1,4,3
True,PERFECT,0.0,103,8,103,26,25,1,4,3
True,PERFECT,0.0,104,1,104,26,26,0,4,3
True,PERFECT,0.0,104,2,104,26,26,0,4,3
True,PERFECT,0.0,104,3,104,26,26,0,4,3
True,PERFECT,0.0,104,4,104,26,26,0,4,3
True,PERFECT,0.0,104,5,104,26,26,0,4,3
True,PERFECT,0.0,104,6,104,26,26,0,4,3
True,PERFECT,0.0,104,7,104,26,26,0,4,3
True,PERFECT,0.0,104,8,104,26,26,0,4,3
True,PERFECT,0.0,105,1,105,27,24,3,4,3
True,PERFECT,0.0,105,2,105,27,24,3,4,3
True,PERFECT,0.0,105,3,105,27,24,3,4,3
True,PERFECT,0.0,105,4,105,27,24,3,4,3
True,PERFECT,0.0,105,5,105,27,24,3,4,3
True,PERFECT,0.0,105,6,105,27,24,3,4,3
True,PERFECT,0.0,105,7,105,27,24,3,4,3
True,PERFECT,0.0,105,8,105,27,24,3,4,3
True,PERFECT,0.0,106,1,106,27,25,2,4,3
True,PERFECT,0.0,106,2,106,27,25,2,4,3
True,PERFECT,0.0,106,3,106,27,25,2,4,3
True,PERFECT,0.0,106,4,106,27,25,2,4,3
True,PERFECT,0.0,106,5,106,27,25,2,4,3
True,PERFECT,0.0,106,6,106,27,25,2,4,3
True,PERFECT,0.0,106,7,106,27,25,2,4,3
False,NONE,3.37694,93,8,106,27,25,2,4,3
True,PERFECT,0.0,107,1,107,27,26,1,4,3
True,PERFECT,0.0,107,2,107,27,26,1,4,3
True,PERFECT,0.0,107,3,107,27,26,1,4,3
True,PERFECT,0.0,107,4,107,27,26,1,4,3
True,PERFECT,0.0,107,5,107,27,26,1,4,3
True,PERFECT,0.0,107,6,107,27,26,1,4,3
True,PERFECT,0.0,107,7,107,27,26,1,4,3
True,PERFECT,0.0,107,8,107,27,26,1,4,3
True,PERFECT,0.0,108,1,108,27,27,0,4,3
True,PERFECT,0.0,108,2,108,27,27,0,4,3
True,PERFECT,0.0,108,3,108,27,27,0,4,3
True,PERFECT,0.0,108,4,108,27,27,0,4,3
True,PERFECT,0.0,108,5,108,27,27,0,4,3
True,PERFECT,0.0,108,6,108,27,27,0,4,3
True,PERFECT,0.0,108,7,108,27,27,0,4,3
True,PERFECT,0.0,108,8,108,27,27,0,4,3
True,PERFECT,0.0,109,1,109,28,25,3,4,3
True,PERFECT,0.0,109,2,109,28,25,3,4,3
True,PERFECT,0.0,109,3,109,28,25,3,4,3
True,PERFECT,0.0,109,4,109,28,25,3,4,3
True,PERFECT,0.0,109,5,109,28,25,3,4,3
True,PERFECT,0.0,109,6,109,28,25,3,4,3
True,PERFECT,0.0,109,7,109,28,25,3,4,3
False,NONE,9.29494,83,8,109,28,25,3,4,3
True,PERFECT,0.0,110,1,110,28,26,2,4,3
True,PERFECT,0.0,110,2,110,28,26,2,4,3
True,PERFECT,0.0,110,3,110,28,26,2,4,3
True,PERFECT,0.0,110,4,110,28,26,2,4,3
True,PERFECT,0.0,110,5,110,28,26,2,4,3
True,PERFECT,0.0,110,6,110,28,26,2,4,3
False,NONE,0.79494,109,7,110,28,26,2,4,3
False,NONE,4.82269,97,8,110,28,26,2,4,3
True,PERFECT,0.0,111,1,111,28,27,1,4,3
True,PERFECT,0.0,111,2,111,28,27,1,4,3
True,PERFECT,0.0,111,3,111,28,27,1,4,3
True,PERFECT,0.0,111,4,111,28,27,1,4,3
True,PERFECT,0.0,111,5,111,28,27,1,4,3
True,PERFECT,0.0,111,6,111,28,27,1,4,3
True,PERFECT,0.0,111,7,111,28,27,1,4,3
True,PERFECT,0.0,111,8,111,28,27,1,4,3
True,PERFECT,0.0,112,1,112,28,28,0,4,3
True,PERFECT,0.0,112,2,112,28,28,0,4,3
True,PERFECT,0.0,112,3,112,28,28,0,4,3
True,PERFECT,0.0,112,4,112,28,28,0,4,3
True,PERFECT,0.0,112,5,112,28,28,0,4,3
True,PERFECT,0.0,112,6,112,28,28,0,4,3
True,PERFECT,0.0,112,7,112,28,28,0,4,3
True,PERFECT,0.0,112,8,112,28,28,0,4,3
True,PERFECT,0.0,113,1,113,29,26,3,4,3
True,PERFECT,0.0,113,2,113,29,26,3,4,3
True,PERFECT,0.0,113,3,113,29,26,3,4,3
True,PERFECT,0.0,113,4,113,29,26,3,4,3
True,PERFECT,0.0,113,5,113,29,26,3,4,3
True,PERFECT,0.0,113,6,113,29,26,3,4,3
True,PERFECT,0.0,113,7,113,29,26,3,4,3
False,NONE,6.48914,93,8,113,29,26,3,4,3
True,PERFECT,0.0,114,1,114,29,27,2,4,3
True,PERFECT,0.0,114,2,114,29,27,2,4,3
True,PERFECT,0.0,114,3,114,29,27,2,4,3
True,PERFECT,0.0,114,4,114,29,27,2,4,3
True,PERFECT,0.0,114,5,114,29,27,2,4,3
True,PERFECT,0.0,114,6,114,29,27,2,4,3
True,PERFECT,0.0,114,7,114,29,27,2,4,3
True,PERFECT,0.0,114,8,114,29,27,2,4,3
True,PERFECT,0.0,115,1,115,29,28,1,4,3
True,PERFECT,0.0,115,2,115,29,28,1,4,3
True,PERFECT,0.0,115,3,115,29,28,1,4,3
True,PERFECT,0.0,115,4,115,29,28,1,4,3
True,PERFECT,0.0,115,5,115,29,28,1,4,3
True,PERFECT,0.0,115,6,115,29,28,1,4,3
True,PERFECT,0.0,115,7,115,29,28,1,4,3
True,PERFECT,0.0,115,8,115,29,28,1,4,3
True,PERFECT,0.0,116,1,116,29,29,0,4,3
True,PERFECT,0.0,116,2,116,29,29,0,4,3
True,PERFECT,0.0,116,3,116,29,29,0,4,3
True,PERFECT,0.0,116,4,116,29,29,0,4,3
True,PERFECT,0.0,116,5,116,29,29,0,4,3
True,PERFECT,0.0,116,6,116,29,29,0,4,3
True,PERFECT,0.0,116,7,116,29,29,0,4,3
True,PERFECT,0.0,116,8,116,29,29,0,4,3
True,PERFECT,0.0,117,1,117,30,27,3,4,3
True,PERFECT,0.0,117,2,117,30,27,3,4,3
True,PERFECT,0.0,117,3,117,30,27,3,4,3
True,PERFECT,0.0,117,4,117,30,27,3,4,3
True,PERFECT,0.0,117,5,117,30,27,3,4,3
True,PERFECT,0.0,117,6,117,30,27,3,4,3
True,PERFECT,0.0,117,7,117,30,27,3,4,3
True,PERFECT,0.0,117,8,117,30,27,3,4,3
True,PERFECT,0.0,118,1,118,30,28,2,4,3
True,PERFECT,0.0,118,2,118,30,28,2,4,3
True,PERFECT,0.0,118,3,118,30,28,2,4,3
True,PERFECT,0.0,118,4,118,30,28,2,4,3
True,PERFECT,0.0,118,5,118,30,28,2,4,3
True,PERFECT,0.0,118,6,118,30,28,2,4,3
True,PERFECT,0.0,118,7,118,30,28,2,4,3
False,NONE,1.44264,111,8,118,30,28,2,4,3
True,PERFECT,0.0,119,1,119,30,29,1,4,3
True,PERFECT,0.0,119,2,119,30,29,1,4,3
True,PERFECT,0.0,119,3,119,30,29,1,4,3
True,PERFECT,0.0,119,4,119,30,29,1,4,3
True,PERFECT,0.0,119,5,119,30,29,1,4,3
True,PERFECT,0.0,119,6,119,30,29,1,4,3
True,PERFECT,0.0,119,7,119,30,29,1,4,3
True,PERFECT,0.0,119,8,119,30,29,1,4,3
True,PERFECT,0.0,120,1,120,30,30,0,4,3
True,PERFECT,0.0,120,2,120,30,30,0,4,3
True,PERFECT,0.0,120,3,120,30,30,0,4,3
True,PERFECT,0.0,120,4,120,30,30,0,4,3
True,PERFECT,0.0,120,5,120,30,30,0,4,3
True,PERFECT,0.0,120,6,120,30,30,0,4,3
True,PERFECT,0.0,120,7,120,30,30,0,4,3
True,PERFECT,0.0,120,8,120,30,30,0,4,3
True,PERFECT,0.0,121,1,121,31,28,3,4,3
True,PERFECT,0.0,121,2,121,31,28,3,4,3
True,PERFECT,0.0,121,3,121,31,28,3,4,3
True,PERFECT,0.0,121,4,121,31,28,3,4,3
True,PERFECT,0.0,121,5,121,31,28,3,4,3
True,PERFECT,0.0,121,6,121,31,28,3,4,3
True,PERFECT,0.0,121,7,121,31,28,3,4,3
True,PERFECT,0.0,121,8,121,31,28,3,4,3
True,PERFECT,0.0,122,1,122,31,29,2,4,3
True,PERFECT,0.0,122,2,122,31,29,2,4,3
True,PERFECT,0.0,122,3,122,31,29,2,4,3
True,PERFECT,0.0,122,4,122,31,29,2,4,3
True,PERFECT,0.0,122,5,122,31,29,2,4,3
True,PERFECT,0.0,122,6,122,31,29,2,4,3
True,PERFECT,0.0,122,7,122,31,29,2,4,3
True,PERFECT,0.0,122,8,122,31,29,2,4,3
True,PERFECT,0.0,123,1,123,31,30,1,4,3
True,PERFECT,0.0,123,2,123,31,30,1,4,3
True,PERFECT,0.0,123,3,123,31,30,1,4,3
True,PERFECT,0.0,123,4,123,31,30,1,4,3
True,PERFECT,0.0,123,5,123,31,30,1,4,3
True,PERFECT,0.0,123,6,123,31,30,1,4,3
True,PERFECT,0.0,123,7,123,31,30,1,4,3
True,PERFECT,0.0,123,8,123,31,30,1,4,3
True,PERFECT,0.0,124,1,124,31,31,0,4,3
True,PERFECT,0.0,124,2,124,31,31,0,4,3
True,PERFECT,0.0,124,3,124,31,31,0,4,3
True,PERFECT,0.0,124,4,124,31,31,0,4,3
True,PERFECT,0.0,124,5,124,31,31,0,4,3
True,PERFECT,0.0,124,6,124,31,31,0,4,3
True,PERFECT,0.0,124,7,124,31,31,0,4,3
True,PERFECT,0.0,124,8,124,31,31,0,4,3
True,PERFECT,0.0,125,1,125,32,29,3,4,3
True,PERFECT,0.0,125,2,125,32,29,3,4,3
True,PERFECT,0.0,125,3,125,32,29,3,4,3
True,PERFECT,0.0,125,4,125,32,29,3,4,3
True,PERFECT,0.0,125,5,125,32,29,3,4,3
True,PERFECT,0.0,125,6,125,32,29,3,4,3
True,PERFECT,0.0,125,7,125,32,29,3,4,3
True,PERFECT,0.0,125,8,125,32,29,3,4,3
True,PERFECT,0.0,126,1,126,32,30,2,4,3
True,PERFECT,0.0,126,2,126,32,30,2,4,3
True,PERFECT,0.0,126,3,126,32,30,2,4,3
True,PERFECT,0.0,126,4,126,32,30,2,4,3
True,PERFECT,0.0,126,5,126,32,30,2,4,3
True,PERFECT,0.0,126,6,126,32,30,2,4,3
True,PERFECT,0.0,126,7,126,32,30,2,4,3
True,PERFECT,0.0,126,8,126,32,30,2,4,3
True,PERFECT,0.0,127,1,127,32,31,1,4,3
True,PERFECT,0.0,127,2,127,32,31,1,4,3
True,PERFECT,0.0,127,3,127,32,31,1,4,3
True,PERFECT,0.0,127,4,127,32,31,1,4,3
True,PERFECT,0.0,127,5,127,32,31,1,4,3
True,PERFECT,0.0,127,6,127,32,31,1,4,3
True,PERFECT,0.0,127,7,127,32,31,1,4,3
True,PERFECT,0.0,127,8,127,32,31,1,4,3
